日期,排名,節目名稱,製作人/主持人,分類
2026-06-14,1,"Gooaye 股癌","謝孟恭","商業"
2026-06-14,2,"豬探長推理故事集","如果兒童劇團","兒童故事"
2026-06-14,3,"從前從前","童話阿姨","兒童故事"
2026-06-14,4,"兆華與股惑仔","李兆華","投資"
2026-06-14,5,"游庭皓的財經皓角","游庭皓的財經皓角","商業"
2026-06-14,6,"好味小姐開束縛我還你原形","好味小姐","社會與文化"
2026-06-14,7,"呱吉","呱吉","社會與文化"
2026-06-14,8,"台灣通勤第一品牌","台灣通勤第一品牌","社會與文化"
2026-06-14,9,"吳淡如人生實用商學院","吳淡如","商業"
2026-06-14,10,"唐陽雞酒屋","唐綺陽","人際關係"
2026-06-14,11,"蔡阿嘎543","蔡阿嘎","喜劇"
2026-06-14,12,"博音","曾博恩","喜劇"
2026-06-14,13,"財經一路發","News98","商業"
2026-06-14,14,"大仁來開槓","大仁","投資"
2026-06-14,15,"一起說故事","一起說故事","兒童故事"
2026-06-14,16,"舜麗十點半","舜哥愛麗","社會與文化"
2026-06-14,17,"禎甄要chat內","胡小禎 & 李佩甄","個人日誌"
2026-06-14,18,"思維槓桿","米克 x 麥可","人際關係"
2026-06-14,19,"雷老闆－董事長聊投資","雷老闆｜金玉峰證劵投資顧問股份有限公司","投資"
2026-06-14,20,"我在案發現場","ETtoday","犯罪紀實"
2026-06-14,21,"佳佳老師說故事","佳佳老師","兒童故事"
2026-06-14,22,"百靈果 News","Bailingguo News","喜劇"
2026-06-14,23,"茫DAY不錄","Sky & 鴨肉","脫口秀"
2026-06-14,24,"股市隱者","隱者","商業"
2026-06-14,25,"阿Q們","欸你這週要幹嘛","喜劇"
2026-06-14,26,"HOT 基礎英文新聞 Hot English News","CLN (Corporate Language Network)","語言學習"
2026-06-14,27,"欸！這本真的很好看　","三群人","書籍"
2026-06-14,28,"聽天下：天下雜誌Podcast","天下雜誌","新聞"
2026-06-14,29,"我們家的睡前故事","我們家的睡前故事","兒童故事"
2026-06-14,30,"哇賽心理學","哇賽心理學","自我成長"
2026-06-14,31,"下一本讀什麼？","閱讀前哨站 瓦基","書籍"
2026-06-14,32,"時間的女兒：八卦歷史","Hazel","歷史"
2026-06-14,33,"6 Minute English","BBC Radio","語言學習"
2026-06-14,34,"紫砂歐娜","歐娜","喜劇"
2026-06-14,35,"瘋女人聊天室","Apple 泰辣 G蛋布丁","喜劇"
2026-06-14,36,"愚樂百昏百","歐娜＆紫砂小貓熊","社會與文化"
2026-06-14,37,"馬克信箱 (Dear Marcy)","上班可以聽","個人日誌"
2026-06-14,38,"水獺媽媽巧巧話｜聽巧慧說故事學台語！","蘇巧慧","兒童故事"
2026-06-14,39,"靈犬賴希","徐凱希&小賴 賴晏駒","個人日誌"
2026-06-14,40,"西北睪固酮","杰哥&炮哥","喜劇"
2026-06-14,41,"下班經濟���","風傳媒","商業"
2026-06-14,42,"槓桿人生","Ivan","投資"
2026-06-14,43,"GK爸爸原創故事繪本","GK爸爸說故事","兒童教育"
2026-06-14,44,"偷聽史多利 Talking Story","康納、卡菈","嗜好"
2026-06-14,45,"聽說有故事","叮噹媽咪","兒童故事"
2026-06-14,46,"童話裡都是騙人的","Nana&Eddie","社會與文化"
2026-06-14,47,"郝聲音","Caesar 郝旭烈","教育"
2026-06-14,48,"婊姐必請","丹妮婊姐","喜劇"
2026-06-14,49,"周慕姿放心說","周慕姿","人際關係"
2026-06-14,50,"大人的Small Talk","大人學","教育"
2026-06-14,51,"您好，我是宅女小紅","宅女小紅","休閒"
2026-06-14,52,"閨蜜該該叫","潑辣閨蜜阿該","社會與文化"
2026-06-14,53,"欖仁媽媽說故事","欖仁媽媽/ Samantha","兒童故事"
2026-06-14,54,"揪某聊 (原:激罵揪某聊)","奧迪 + VVN","喜劇"
2026-06-14,55,"媽爹講故事","MOM&DAD","兒童故事"
2026-06-14,56,"財報狗 - 掌握台股美股時事議題","財報狗 - 台灣最大基本面投資平台","投資"
2026-06-14,57,"鈔錢部署｜盧燕俐","華視優選","投資"
2026-06-14,58,"寧夏璐66號茶坊","黃瑽寧、夏嘉璐","社會與文化"
2026-06-14,59,"Peggy Fo Show","Peggy Chen","喜劇訪談"
2026-06-14,60,"劉軒的How to人生學","劉軒 & 軒言文創SoundShine","自我成長"
2026-06-14,61,"跳脫Do式圈","The DoDo Men - 嘟嘟人","社會與文化"
2026-06-14,62,"科技浪 Tech.wav","哈利","科技"
2026-06-14,63,"兒童故事-三國演義","便當爸","兒童故事"
2026-06-14,64,"女人心事","陶晶瑩","休閒"
2026-06-14,65,"金哈抖","美寶＆師兄","喜劇"
2026-06-14,66,"美股投資學-財女珍妮","財女Jenny","投資"
2026-06-14,67,"Poca村長的故事時間","Poca","兒童故事"
2026-06-14,68,"薔栗膠","薔薔","喜劇"
2026-06-14,69,"曾寶儀的人生藏寶圖","曾寶儀","社會與文化"
2026-06-14,70,"《The Real Story》By 報導者","報導者 The Reporter","新聞"
2026-06-14,71,"法客電台 BY 法律白話文運動 Plain Law Movement","法律白話文運動","新聞評論"
2026-06-14,72,"神仙補習班","謝依霖、丹丹老師","宗教與精神生活"
2026-06-14,73,"為民也有約","陳為民","嗜好"
2026-06-14,74,"M觀點 | 科技X商業X投資","Miula - 科技巨頭解碼主筆","商業"
2026-06-14,75,"聽故事學英文","Sandy采聿老師","兒童故事"
2026-06-14,76,"給我一個故事的時間","婷婷＆彬如","書籍"
2026-06-14,77,"姐妹悄悄話｜SistersTalkTalkShow","姐妹悄悄話｜Sisterstalktalkshow","心理健康"
2026-06-14,78,"黃大米哈啦王","黃大米","商業"
2026-06-14,79,"別人的工作最有趣","Fiona","職業"
2026-06-14,80,"霸軒廣播電台","霸軒","即興表演"
2026-06-14,81,"人生五分熟 Life Medium Rare","理科｜關穎","健康與瘦身"
2026-06-14,82,"這個，我不推","Yuli & 姚姚","個人日誌"
2026-06-14,83,"☀️ 全球串連早安新聞｜Morning Taiwan Glocal News","浩爾&小路","每日新聞"
2026-06-14,84,"轉角國際新聞 Daily Podcast","轉角國際新聞 Daily Podcast","新聞"
2026-06-14,85,"說詭講鬼","Hans","宗教與精神生活"
2026-06-14,86,"這又沒有很屌","迪拉胖","音樂訪談"
2026-06-14,87,"吳淡如人生不能沒故事","吳淡如","歷史"
2026-06-14,88,"Eat Your Crust","Crystal Jiao, Jeesoo Kim","社會與文化"
2026-06-14,89,"50+TALK","全國最大熟齡媒體50+","健康與瘦身"
2026-06-14,90,"那些電影教我的事","水尢水某","電視與電影"
2026-06-14,91,"文森說書","文森","自我成長"
2026-06-14,92,"強哥為你說故事","如果兒童劇團","兒童故事"
2026-06-14,93,"夏日只想躺在家 (Dark Potato)","浚瑋&阿忠&Mandark","音樂"
2026-06-14,94,"Hey Tablo","Team Epikase","個人日誌"
2026-06-14,95,"韭菜畢業班","叔叔","商業"
2026-06-14,96,"All Ears English Podcast","Lindsay McMahon and Michelle Kaplan","語言學習"
2026-06-14,97,"只能喝酒的圖書館","Otherwise Library","哲學"
2026-06-14,98,"犯罪浮世繪","戴伸峰","犯罪紀實"
2026-06-14,99,"今周大耳朵","今周刊Business Today","商業"
2026-06-14,100,"財訊 《Wealth Magazine》","財訊雙週刊","投資"
2026-06-15,1,"Gooaye 股癌","謝孟恭","商業"
2026-06-15,2,"豬探長推理故事集","如果兒童劇團","兒童故事"
2026-06-15,3,"從前從前","童話阿姨","兒童故事"
2026-06-15,4,"好味小姐開束縛我還你原形","好味小姐","社會與文化"
2026-06-15,5,"台灣通勤第一品牌","台灣通勤第一品牌","社會與文化"
2026-06-15,6,"游庭皓的財經皓角","游庭皓的財經皓角","商業"
2026-06-15,7,"兆華與股惑仔","李兆華","投資"
2026-06-15,8,"呱吉","呱吉","社會與文化"
2026-06-15,9,"吳淡如人生實用商學院","吳淡如","商業"
2026-06-15,10,"一起說故事","一起說故事","兒童故事"
2026-06-15,11,"唐陽雞酒屋","唐綺陽","人際關係"
2026-06-15,12,"博音","曾博恩","喜劇"
2026-06-15,13,"財經一路發","News98","商業"
2026-06-15,14,"大仁來開槓","大仁","投資"
2026-06-15,15,"蔡阿嘎543","蔡阿嘎","喜劇"
2026-06-15,16,"佳佳老師說故事","佳佳老師","兒童故事"
2026-06-15,17,"舜麗十點半","舜哥愛麗","社會與文化"
2026-06-15,18,"禎甄要chat內","胡小禎 & 李佩甄","個人日誌"
2026-06-15,19,"雷老闆－董事長聊投資","雷老闆｜金玉峰證劵投資顧問股份有限公司","投資"
2026-06-15,20,"靈犬賴希","徐凱希&小賴 賴晏駒","個人日誌"
2026-06-15,21,"聽故事學英文","Sandy采聿老師","兒童故事"
2026-06-15,22,"百靈果 News","Bailingguo News","喜劇"
2026-06-15,23,"思維槓桿","米克 x 麥可","人際關係"
2026-06-15,24,"哇賽心理學","哇賽心理學","自我成長"
2026-06-15,25,"我們家的睡前故事","我們家的睡前故事","兒童故事"
2026-06-15,26,"下一本讀什麼？","閱讀前哨站 瓦基","書籍"
2026-06-15,27,"茫DAY不錄","Sky & 鴨肉","脫口秀"
2026-06-15,28,"我在案發現場","ETtoday","犯罪紀實"
2026-06-15,29,"時間的女兒：八卦歷史","Hazel","歷史"
2026-06-15,30,"聽天下：天下雜誌Podcast","天下雜誌","新聞"
2026-06-15,31,"阿Q們","欸你這週要幹嘛","喜劇"
2026-06-15,32,"HOT 基礎英文新聞 Hot English News","CLN (Corporate Language Network)","語言學習"
2026-06-15,33,"欸！這本真的很好看　","三群人","書籍"
2026-06-15,34,"水獺媽媽巧巧話｜聽巧慧說故事學台語！","蘇巧慧","兒童故事"
2026-06-15,35,"股市隱者","隱者","商業"
2026-06-15,36,"聽說有故事","叮噹媽咪","兒童故事"
2026-06-15,37,"GK爸爸原創故事繪本","GK爸爸說故事","兒童教育"
2026-06-15,38,"6 Minute English","BBC Radio","語言學習"
2026-06-15,39,"韭菜畢業班","叔叔","商業"
2026-06-15,40,"瘋女人聊天室","Apple 泰辣 G蛋布丁","喜劇"
2026-06-15,41,"紫砂歐娜","歐娜","喜劇"
2026-06-15,42,"馬克信箱 (Dear Marcy)","上班可以聽","個人日誌"
2026-06-15,43,"兒童故事-三國演義","便當爸","兒童故事"
2026-06-15,44,"媽爹講故事","MOM&DAD","兒童故事"
2026-06-15,45,"下班經濟學","風傳媒","商業"
2026-06-15,46,"郝聲音","Caesar 郝旭烈","教育"
2026-06-15,47,"欖仁媽媽說故事","欖仁媽媽/ Samantha","兒童故事"
2026-06-15,48,"愚樂百昏百","歐娜＆紫砂小貓熊","社會與文化"
2026-06-15,49,"槓桿人生","Ivan","投資"
2026-06-15,50,"周慕姿放心說","周慕姿","人際關係"
2026-06-15,51,"揪某聊 (原:激罵揪某聊)","奧迪 + VVN","喜劇"
2026-06-15,52,"偷聽史多利 Talking Story","康納、卡菈","嗜好"
2026-06-15,53,"女人心事","陶晶瑩","休閒"
2026-06-15,54,"閨蜜該該叫","潑辣閨蜜阿該","社會與文化"
2026-06-15,55,"這句英文怎麼說","iVY BAR","語言學習"
2026-06-15,56,"大人的Small Talk","大人學","教育"
2026-06-15,57,"童話裡都是騙人的","Nana&Eddie","社會與文化"
2026-06-15,58,"您好，我是宅女小紅","宅女小紅","休閒"
2026-06-15,59,"西北睪固酮","杰哥&炮哥","喜劇"
2026-06-15,60,"美股投資學-財女珍妮","財女Jenny","投資"
2026-06-15,61,"MacroMicro 財經M平方","MacroMicro","商業"
2026-06-15,62,"婊姐必請","丹妮婊姐","喜劇"
2026-06-15,63,"Poca村長的故事時間","Poca","兒童故事"
2026-06-15,64,"Peggy Fo Show","Peggy Chen","喜劇訪談"
2026-06-15,65,"財報狗 - 掌握台股美股時事議題","財報狗 - 台灣最大基本面投資平台","投資"
2026-06-15,66,"強哥為你說故事","如果兒童劇團","兒童故事"
2026-06-15,67,"跳脫Do式圈","The DoDo Men - 嘟嘟人","社會與文化"
2026-06-15,68,"鈔錢部署｜盧燕俐","華視優選","投資"
2026-06-15,69,"劉軒的How to人生學","劉軒 & 軒言文創SoundShine","自我成長"
2026-06-15,70,"投資癮","Wade","商業"
2026-06-15,71,"寧夏璐66號茶坊","黃瑽寧、夏嘉璐","社會與文化"
2026-06-15,72,"曾寶儀的人生藏寶圖","曾寶儀","社會與文化"
2026-06-15,73,"科技浪 Tech.wav","哈利","科技"
2026-06-15,74,"薔栗膠","薔薔","喜劇"
2026-06-15,75,"敏迪選讀","敏迪","新聞"
2026-06-15,76,"為民也有約","陳為民","嗜好"
2026-06-15,77,"人生五分熟 Life Medium Rare","理科｜關穎","健康與瘦身"
2026-06-15,78,"霸軒廣播電台","霸軒","即興表演"
2026-06-15,79,"吳淡如人生不能沒故事","吳淡如","歷史"
2026-06-15,80,"《The Real Story》By 報導者","報導者 The Reporter","新聞"
2026-06-15,81,"這個，我不推","Yuli & 姚姚","個人日誌"
2026-06-15,82,"給我一個故事的時間","婷婷＆彬如","書籍"
2026-06-15,83,"聊到4am","路摸思、峻瑋","社會與文化"
2026-06-15,84,"強者我朋友 by 志祺七七","志祺七七","行銷"
2026-06-15,85,"維多叔叔的故事歡樂車","維多叔叔","兒童與家庭"
2026-06-15,86,"神仙補習班","謝依霖、丹丹老師","宗教與精神生活"
2026-06-15,87,"說詭講鬼","Hans","宗教與精神生活"
2026-06-15,88,"口說英語通","NER國立教育廣播電臺","語言學習"
2026-06-15,89,"那些電影教我的事","水尢水某","電視與電影"
2026-06-15,90,"犯罪浮世繪","戴伸峰","犯罪紀實"
2026-06-15,91,"海獅說---生活裡的小世界史","神奇海獅先生","歷史"
2026-06-15,92,"姐妹悄悄話｜SistersTalkTalkShow","姐妹悄悄話｜Sisterstalktalkshow","心理健康"
2026-06-15,93,"文森說書","文森","自我成長"
2026-06-15,94,"法客電台 BY 法律白話文運動 Plain Law Movement","法律白話文運動","新聞評論"
2026-06-15,95,"只能喝酒的圖書館","Otherwise Library","哲學"
2026-06-15,96,"All Ears English Podcast","Lindsay McMahon and Michelle Kaplan","語言學習"
2026-06-15,97,"Fun星球 🌟 放故事","FUN星球","兒童故事"
2026-06-15,98,"別人的工作最有趣","Fiona","職業"
2026-06-15,99,"50+TALK","全國最大熟齡媒體50+","健康與瘦身"
2026-06-15,100,"今周大耳朵","今周刊Business Today","商業"
2026-06-16,1,"Gooaye 股癌","謝孟恭","商業"
2026-06-16,2,"豬探長推理故事集","如果兒童劇團","兒童故事"
2026-06-16,3,"兆華與股惑仔","李兆華","投資"
2026-06-16,4,"游庭皓的財經皓角","游庭皓的財經皓角","商業"
2026-06-16,5,"從前從前","童話阿姨","兒童故事"
2026-06-16,6,"好味小姐開束縛我還你原形","好味小姐","社會與文化"
2026-06-16,7,"呱吉","呱吉","社會與文化"
2026-06-16,8,"台灣通勤第一品牌","台灣通勤第一品牌","社會與文化"
2026-06-16,9,"博音","曾博恩","喜劇"
2026-06-16,10,"百靈果 News","Bailingguo News","喜劇"
2026-06-16,11,"吳淡如人生實用商學院","吳淡如","商業"
2026-06-16,12,"聽故事學英文","Sandy采聿老師","兒童故事"
2026-06-16,13,"唐陽雞酒屋","唐綺陽","人際關係"
2026-06-16,14,"蔡阿嘎543","蔡阿嘎","喜劇"
2026-06-16,15,"財經一路發","News98","商業"
2026-06-16,16,"一起說故事","一起說故事","兒童故事"
2026-06-16,17,"禎甄要chat內","胡小禎 & 李佩甄","個人日誌"
2026-06-16,18,"大仁來開槓","大仁","投資"
2026-06-16,19,"您好，我是宅女小紅","宅女小紅","休閒"
2026-06-16,20,"我在案發現場","ETtoday","犯罪紀實"
2026-06-16,21,"茫DAY不錄","Sky & 鴨肉","脫口秀"
2026-06-16,22,"聽天下：天下雜誌Podcast","天下雜誌","新聞"
2026-06-16,23,"雷老闆－董事長聊投資","雷老闆｜金玉峰證劵投資顧問股份有限公司","投資"
2026-06-16,24,"時間的女兒：八卦歷史","Hazel","歷史"
2026-06-16,25,"佳佳老師說故事","佳佳老師","兒童故事"
2026-06-16,26,"哇賽心理學","哇賽心理學","自我成長"
2026-06-16,27,"下一本讀什麼？","閱讀前哨站 瓦基","書籍"
2026-06-16,28,"靈犬賴希","徐凱希&小賴 賴晏駒","個人日誌"
2026-06-16,29,"跳脫Do式圈","The DoDo Men - 嘟嘟人","社會與文化"
2026-06-16,30,"思維槓桿","米克 x 麥可","人際關係"
2026-06-16,31,"舜麗十點半","舜哥愛麗","社會與文化"
2026-06-16,32,"周慕姿放心說","周慕姿","人際關係"
2026-06-16,33,"我們家的睡前故事","我們家的睡前故事","兒童故事"
2026-06-16,34,"美股投資學-財女珍妮","財女Jenny","投資"
2026-06-16,35,"大人的Small Talk","大人學","教育"
2026-06-16,36,"敏迪選讀","敏迪","新聞"
2026-06-16,37,"這句英文怎麼說","iVY BAR","語言學習"
2026-06-16,38,"偷聽史多利 Talking Story","康納、卡菈","嗜好"
2026-06-16,39,"婊姐必請","丹妮婊姐","喜劇"
2026-06-16,40,"阿Q們","欸你這週要幹嘛","喜劇"
2026-06-16,41,"郝聲音","Caesar ���旭烈","教育"
2026-06-16,42,"瘋女人聊天室","Apple 泰辣 G蛋布丁","喜劇"
2026-06-16,43,"韭菜畢業班","叔叔","商業"
2026-06-16,44,"馬克信箱 (Dear Marcy)","上班可以聽","個人日誌"
2026-06-16,45,"水獺媽媽巧巧話｜聽巧慧說故事學台語！","蘇巧慧","兒童故事"
2026-06-16,46,"揪某聊 (原:激罵揪某聊)","奧迪 + VVN","喜劇"
2026-06-16,47,"紫砂歐娜","歐娜","喜劇"
2026-06-16,48,"HOT 基礎英文新聞 Hot English News","CLN (Corporate Language Network)","語言學習"
2026-06-16,49,"下班經濟學","風傳媒","商業"
2026-06-16,50,"壹加壹電台","壹加壹","人際關係"
2026-06-16,51,"愚樂百昏百","歐娜＆紫砂小貓熊","社會與文化"
2026-06-16,52,"童話裡都是騙人的","Nana&Eddie","社會與文化"
2026-06-16,53,"欸！這本真的很好看　","三群人","書籍"
2026-06-16,54,"閨蜜該該叫","潑辣閨蜜阿該","社會與文化"
2026-06-16,55,"薔栗膠","薔薔","喜劇"
2026-06-16,56,"6 Minute English","BBC Radio","語言學習"
2026-06-16,57,"GK爸爸原創故事繪本","GK爸爸說故事","兒童教育"
2026-06-16,58,"財報狗 - 掌握台股美股時事議題","財報狗 - 台灣最大基本面投資平台","投資"
2026-06-16,59,"西北睪固酮","杰哥&炮哥","喜劇"
2026-06-16,60,"科技浪 Tech.wav","哈利","科技"
2026-06-16,61,"轉角國際新聞 Daily Podcast","轉角國際新聞 Daily Podcast","新聞"
2026-06-16,62,"女人心事","陶晶瑩","休閒"
2026-06-16,63,"關韶文關關x丘曄【負能量週記】","關韶文、丘曄","喜劇"
2026-06-16,64,"聽說有故事","叮噹媽咪","兒童故事"
2026-06-16,65,"槓桿人生","Ivan","投資"
2026-06-16,66,"股市隱者","隱者","商業"
2026-06-16,67,"媽爹講故事","MOM&DAD","兒童故事"
2026-06-16,68,"寧夏璐66號茶坊","黃瑽寧、夏嘉璐","社會與文化"
2026-06-16,69,"那些電影教我的事","水尢水某","電視與電影"
2026-06-16,70,"兒童故事-三國演義","便當爸","兒童故事"
2026-06-16,71,"欖仁媽媽說故事","欖仁媽媽/ Samantha","兒童故事"
2026-06-16,72,"MacroMicro 財經M平方","MacroMicro","商業"
2026-06-16,73,"為民也有約","陳為民","嗜好"
2026-06-16,74,"小熱NOW","小熱唱","即興表演"
2026-06-16,75,"劉軒的How to人生學","劉軒 & 軒言文創SoundShine","自我成長"
2026-06-16,76,"人生五分熟 Life Medium Rare","理科｜關穎","健康與瘦身"
2026-06-16,77,"這個，我不推","Yuli & 姚姚","個人日誌"
2026-06-16,78,"投資癮","Wade","商業"
2026-06-16,79,"Peggy Fo Show","Peggy Chen","喜劇訪談"
2026-06-16,80,"Poca村長的故事時間","Poca","兒童故事"
2026-06-16,81,"今周大耳朵","今周刊Business Today","商業"
2026-06-16,82,"曾寶儀的人生藏寶圖","曾寶儀","社會與文化"
2026-06-16,83,"強者我朋友 by 志祺七七","志祺七七","行銷"
2026-06-16,84,"三交製作","Andy Wu、ED Wang","喜劇"
2026-06-16,85,"M觀點 | 科技X商業X投資","Miula - 科技巨頭解碼主筆","商業"
2026-06-16,86,"☀️ 全球串連早安新聞｜Morning Taiwan Glocal News","浩爾&小路","每日新聞"
2026-06-16,87,"強哥為你說故事","如果兒童劇團","兒童故事"
2026-06-16,88,"說詭講鬼","Hans","宗教與精神生活"
2026-06-16,89,"犯罪浮世繪","戴伸峰","犯罪紀實"
2026-06-16,90,"霸軒廣播電台","霸軒","即興表演"
2026-06-16,91,"兆華與阿格力-有求必應","李兆華&阿格力","商業"
2026-06-16,92,"鈔錢部署｜盧燕俐","華視優選","投資"
2026-06-16,93,"小朋友學投資","小朋友團隊","投資"
2026-06-16,94,"給我一個故事的時間","婷婷＆彬如","書籍"
2026-06-16,95,"All Ears English Podcast","Lindsay McMahon and Michelle Kaplan","語言學習"
2026-06-16,96,"海獅說---生活裡的小世界史","神奇海獅先生","歷史"
2026-06-16,97,"口說英語通","NER國立教育廣播電臺","語言學習"
2026-06-16,98,"Global News Podcast","BBC World Service","每日新聞"
2026-06-16,99,"神仙補習班","謝依霖、丹丹老師","宗教與精神生活"
2026-06-16,100,"夏日只想躺在家 (Dark Potato)","浚瑋&阿忠&Mandark","音樂"
2026-06-17,1,"Gooaye 股癌","謝孟恭","商業"
2026-06-17,2,"兆華與股惑仔","李兆華","投資"
2026-06-17,3,"豬探長推理故事集","如果兒童劇團","兒童故事"
2026-06-17,4,"好味小姐開束縛我還你原形","好味小姐","社會與文化"
2026-06-17,5,"游庭皓的財經皓角","游庭皓的財經皓角","商業"
2026-06-17,6,"博音","曾博恩","喜劇"
2026-06-17,7,"台灣通勤第一品牌","台灣通勤第一品牌","社會與文化"
2026-06-17,8,"從前從前","童話阿姨","兒童故事"
2026-06-17,9,"呱吉","呱吉","社會與文化"
2026-06-17,10,"蔡阿嘎543","蔡阿嘎","喜劇"
2026-06-17,11,"唐陽雞酒屋","唐綺陽","人際關係"
2026-06-17,12,"吳淡如人生實用商學院","吳淡如","商業"
2026-06-17,13,"百靈果 News","Bailingguo News","喜劇"
2026-06-17,14,"我在案發現場","ETtoday","犯罪紀實"
2026-06-17,15,"財經一路發","News98","商業"
2026-06-17,16,"聽天下：天下雜誌Podcast","天下雜誌","新聞"
2026-06-17,17,"聽故事學英文","Sandy采聿老師","兒童故事"
2026-06-17,18,"大仁來開槓","大仁","投資"
2026-06-17,19,"一起說故事","一起說故事","兒童故事"
2026-06-17,20,"紫砂歐娜","歐娜","喜劇"
2026-06-17,21,"時間的女兒：八卦歷史","Hazel","歷史"
2026-06-17,22,"禎甄要chat內","胡小禎 & 李佩甄","個人日誌"
2026-06-17,23,"下一本讀什麼？","閱讀前哨站 瓦基","書籍"
2026-06-17,24,"茫DAY不錄","Sky & 鴨肉","脫口秀"
2026-06-17,25,"佳佳老師說故事","佳佳老師","兒童故事"
2026-06-17,26,"美股投資學-財女珍妮","財女Jenny","投資"
2026-06-17,27,"您好，我是宅女小紅","宅女小紅","休閒"
2026-06-17,28,"馬克信箱 (Dear Marcy)","上班可以聽","個人日誌"
2026-06-17,29,"童話裡都是騙人的","Nana&Eddie","社會與文化"
2026-06-17,30,"跳脫Do式圈","The DoDo Men - 嘟嘟人","社會與文化"
2026-06-17,31,"No Stupid Questions","Freakonomics Radio + Stitcher","社會與文化"
2026-06-17,32,"哇賽心理學","哇賽心理學","自我成長"
2026-06-17,33,"思維槓桿","米克 x 麥可","人際關係"
2026-06-17,34,"周慕姿放心說","周慕姿","人際關係"
2026-06-17,35,"靈犬賴希","徐凱希&小賴 賴晏駒","個人日誌"
2026-06-17,36,"偷聽史多利 Talking Story","康納、卡菈","嗜好"
2026-06-17,37,"我們家的睡前故事","我們家的睡前故事","兒童故事"
2026-06-17,38,"愚樂百昏百","歐娜＆紫砂小貓熊","社會與文化"
2026-06-17,39,"大人的Small Talk","大人學","教育"
2026-06-17,40,"瘋女人聊天室","Apple 泰辣 G蛋布丁","喜劇"
2026-06-17,41,"法客電台 BY 法律白話文運動 Plain Law Movement","法律白話文運動","新聞評論"
2026-06-17,42,"舜麗十點半","舜哥愛麗","社會與文化"
2026-06-17,43,"雷老闆－董事長聊投資","雷老闆｜金玉峰證劵投資顧問股份有限公司","投資"
2026-06-17,44,"敏迪選讀","敏迪","新聞"
2026-06-17,45,"這句英文怎麼說","iVY BAR","語言學習"
2026-06-17,46,"劉軒的How to人生學","劉軒 & 軒言文創SoundShine","自我成長"
2026-06-17,47,"轉角國際新聞 Daily Podcast","轉角國際新聞 Daily Podcast","新聞"
2026-06-17,48,"婊姐必請","丹妮婊姐","喜劇"
2026-06-17,49,"犯罪浮世繪","戴伸峰","犯罪紀實"
2026-06-17,50,"下班經濟學","風傳媒","商業"
2026-06-17,51,"水獺媽媽巧巧話｜聽巧慧說故事學台語！","蘇巧慧","兒童故事"
2026-06-17,52,"薔栗膠","薔薔","喜劇"
2026-06-17,53,"兆華與阿格力-有求必應","李兆華&阿格力","商業"
2026-06-17,54,"強哥為你說故事","如果兒童劇團","兒童故事"
2026-06-17,55,"壹加壹電台","壹加壹","人際關係"
2026-06-17,56,"郝聲音","Caesar 郝旭烈","教育"
2026-06-17,57,"GK爸爸原創故事繪本","GK爸爸說故事","兒童教育"
2026-06-17,58,"科技浪 Tech.wav","哈利","科技"
2026-06-17,59,"這個，我不推","Yuli & 姚姚","個人日誌"
2026-06-17,60,"6 Minute English","BBC Radio","語言學習"
2026-06-17,61,"揪某聊 (原:激罵揪某聊)","奧迪 + VVN","喜劇"
2026-06-17,62,"阿Q們","欸你這週要幹嘛","喜劇"
2026-06-17,63,"股市隱者","隱者","商業"
2026-06-17,64,"西北睪固酮","杰哥&炮哥","喜劇"
2026-06-17,65,"Stuff You Should Know","iHeartPodcasts","社會與文化"
2026-06-17,66,"☀️ 全球串連早安新聞｜Morning Taiwan Glocal News","浩爾&小路","每日新聞"
2026-06-17,67,"M觀點 | 科技X商業X投資","Miula - 科技巨頭解碼主筆","商業"
2026-06-17,68,"人生五分熟 Life Medium Rare","理科｜關穎","健康與瘦身"
2026-06-17,69,"HOT 基礎英文新聞 Hot English News","CLN (Corporate Language Network)","語言學習"
2026-06-17,70,"小熱NOW","小熱唱","即興表演"
2026-06-17,71,"閨蜜該該叫","潑辣閨蜜阿該","社會與文化"
2026-06-17,72,"韭菜畢業班","叔叔","商業"
2026-06-17,73,"媽爹講故事","MOM&DAD","兒童故事"
2026-06-17,74,"《The Real Story》By 報導者","報導者 The Reporter","新聞"
2026-06-17,75,"關韶文關關x丘曄【負能量週記】","關韶文、丘曄","喜劇"
2026-06-17,76,"財報狗 - 掌握台股美股時事議題","財報狗 - 台灣最大基本面投資平台","投資"
2026-06-17,77,"聽說有故事","叮噹媽咪","兒童故事"
2026-06-17,78,"為民也有約","陳為民","嗜好"
2026-06-17,79,"寧夏璐66號茶坊","黃瑽寧、夏嘉璐","社會與文化"
2026-06-17,80,"那些電影教我的事","水尢水某","電視與電影"
2026-06-17,81,"The Diary Of A CEO with Steven Bartlett","DOAC","商業"
2026-06-17,82,"鈔錢部署｜盧燕俐","華視優選","投資"
2026-06-17,83,"欖仁媽媽說故事","欖仁媽媽/ Samantha","兒童故事"
2026-06-17,84,"兒童故事-三國演義","便當爸","兒童故事"
2026-06-17,85,"欸！這本真的很好看　","三群人","書籍"
2026-06-17,86,"女人心事","陶晶瑩","休閒"
2026-06-17,87,"今周大耳朵","今周刊Business Today","商業"
2026-06-17,88,"說詭講鬼","Hans","宗教與精神生活"
2026-06-17,89,"鍵盤球探：台灣棒球深度觀點","Danny & Yueh","棒球"
2026-06-17,90,"霸軒廣播電台","霸軒","即興表演"
2026-06-17,91,"Peggy Fo Show","Peggy Chen","喜劇訪談"
2026-06-17,92,"三交製作","Andy Wu、ED Wang","喜劇"
2026-06-17,93,"Hazel的紅樓夢話","Hazel","藝術"
2026-06-17,94,"槓桿人生","Ivan","投資"
2026-06-17,95,"曾寶儀的人生藏寶圖","曾寶儀","社會與文化"
2026-06-17,96,"小朋友學投資","小朋友團隊","投資"
2026-06-17,97,"夏日只想躺在家 (Dark Potato)","浚瑋&阿忠&Mandark","音樂"
2026-06-17,98,"吳淡如人生不能沒故事","吳淡如","歷史"
2026-06-17,99,"All Ears English Podcast","Lindsay McMahon and Michelle Kaplan","語言學習"
2026-06-17,100,"Poca村長的故事時間","Poca","兒童故事"
2026-06-19,1,"Gooaye 股癌","謝孟恭","商業"
2026-06-19,2,"兆華與股惑仔","李兆華","投資"
2026-06-19,3,"好味小姐開束縛我還你原形","好味小姐","社會與文化"
2026-06-19,4,"從前從前","童話阿姨","兒童故事"
2026-06-19,5,"游庭皓的財經皓角","游庭皓的財經皓角","商業"
2026-06-19,6,"豬探長推理故事集","如果兒童劇團","兒童故事"
2026-06-19,7,"博音","曾博恩","喜劇"
2026-06-19,8,"台灣通勤第一品牌","台灣通勤第一品牌","社會與文化"
2026-06-19,9,"蔡阿嘎543","蔡阿嘎","喜劇"
2026-06-19,10,"呱吉","呱吉","社會與文化"
2026-06-19,11,"愚樂百昏百","歐娜＆紫砂小貓熊","社會與文化"
2026-06-19,12,"一起說故事","一起說故事","兒童故事"
2026-06-19,13,"唐陽雞酒屋","唐綺陽","人際關係"
2026-06-19,14,"吳淡如人生實用商學院","吳淡如","商業"
2026-06-19,15,"財經一路發","News98","商業"
2026-06-19,16,"舜麗十點半","舜哥愛麗","社會與文化"
2026-06-19,17,"我在案發現場","ETtoday","犯罪紀實"
2026-06-19,18,"百靈果 News","Bailingguo News","喜劇"
2026-06-19,19,"大仁來開槓","大仁","投資"
2026-06-19,20,"心理不用學","陳永儀博士& FMTaiwan製作團隊","自我成長"
2026-06-19,21,"瘋女人聊天室","Apple 泰辣 G蛋布丁","喜劇"
2026-06-19,22,"聽天下：天下雜誌Podcast","天下雜誌","新聞"
2026-06-19,23,"No Stupid Questions","Freakonomics Radio + Stitcher","社會與文化"
2026-06-19,24,"茫DAY不錄","Sky & 鴨肉","脫口秀"
2026-06-19,25,"跳脫Do式圈","The DoDo Men - 嘟嘟人","社會與文化"
2026-06-19,26,"禎甄要chat內","胡小禎 & 李佩甄","個人日誌"
2026-06-19,27,"犯罪浮世繪","戴伸峰","犯罪紀實"
2026-06-19,28,"佳佳老師說故事","佳佳老師","兒童故事"
2026-06-19,29,"您好，我是宅女小紅","宅女小紅","休閒"
2026-06-19,30,"美股投資學-財女珍妮","財女Jenny","投資"
2026-06-19,31,"雷老闆－董事長聊投資","雷老闆｜金玉峰證劵投資顧問股份有限公司","投資"
2026-06-19,32,"時間的女兒：八卦歷史","Hazel","歷史"
2026-06-19,33,"哇賽心理學","哇賽心理學","自我成長"
2026-06-19,34,"婊姐必請","丹妮婊姐","喜劇"
2026-06-19,35,"大人的Small Talk","大人學","教育"
2026-06-19,36,"強哥為你說故事","如果兒童劇團","兒童故事"
2026-06-19,37,"聽故事學英文","Sandy采聿老師","兒童故事"
2026-06-19,38,"西北睪固酮","杰哥&炮哥","喜劇"
2026-06-19,39,"我們家的睡前故事","我們家的睡前故事","兒童故事"
2026-06-19,40,"下一本讀什麼？","閱讀前哨站 瓦基","書籍"
2026-06-19,41,"劭中日記","劭中","喜劇"
2026-06-19,42,"哲理 這裡","柯柯阿姨","教育"
2026-06-19,43,"法客電台 BY 法律白話文運動 Plain Law Movement","法律白話文運動","新聞評論"
2026-06-19,44,"周慕姿放心說","周慕姿","人際關係"
2026-06-19,45,"水獺媽媽巧巧話｜聽巧慧說故事學台語！","蘇巧慧","兒童故事"
2026-06-19,46,"KidNuz: News for Kids","Starglow Media","���童與��庭"
2026-06-19,47,"Stuff You Should Know","iHeartPodcasts","社會與文化"
2026-06-19,48,"思維槓桿","米克 x 麥可","人際關係"
2026-06-19,49,"GK爸爸原創故事繪本","GK爸爸說故事","兒童教育"
2026-06-19,50,"馬克信箱 (Dear Marcy)","上班可以聽","個人日誌"
2026-06-19,51,"童話裡都是騙人的","Nana&Eddie","社會與文化"
2026-06-19,52,"下班經濟學","風傳媒","商業"
2026-06-19,53,"紫砂歐娜","歐娜","喜劇"
2026-06-19,54,"故事青旅 Story in the Hostel","達叔","名勝與旅遊"
2026-06-19,55,"偷聽史多利 Talking Story","康納、卡菈","嗜好"
2026-06-19,56,"韭菜畢業班","叔叔","商業"
2026-06-19,57,"轉角國際新聞 Daily Podcast","轉角國際新聞 Daily Podcast","新聞"
2026-06-19,58,"揪某聊 (原:激罵揪某聊)","奧迪 + VVN","喜劇"
2026-06-19,59,"媽爹講故事","MOM&DAD","兒童故事"
2026-06-19,60,"《The Real Story》By 報導者","報導者 The Reporter","新聞"
2026-06-19,61,"姐妹悄悄話｜SistersTalkTalkShow","姐妹悄悄話｜Sisterstalktalkshow","心理健康"
2026-06-19,62,"The Diary Of A CEO with Steven Bartlett","DOAC","商業"
2026-06-19,63,"鈔錢部署｜盧燕俐","華視優選","投資"
2026-06-19,64,"夏日只想躺在家 (Dark Potato)","浚瑋&阿忠&Mandark","音樂"
2026-06-19,65,"Brains On! Science podcast for kids","Brains On Universe","兒童教育"
2026-06-19,66,"靈犬賴希","徐凱希&小賴 賴晏駒","個人日誌"
2026-06-19,67,"郝聲音","Caesar 郝旭烈","教育"
2026-06-19,68,"女人心事","陶晶瑩","休閒"
2026-06-19,69,"Peggy Fo Show","Peggy Chen","喜劇訪談"
2026-06-19,70,"6 Minute English","BBC Radio","語言學習"
2026-06-19,71,"☀️ 全球串連早安新聞｜Morning Taiwan Glocal News","浩爾&小路","每日新聞"
2026-06-19,72,"寧夏璐66號茶坊","黃瑽寧、夏嘉璐","社會與文化"
2026-06-19,73,"劉軒的How to人生學","劉軒 & 軒言文創SoundShine","自我成長"
2026-06-19,74,"欖仁媽媽說故事","欖仁媽媽/ Samantha","兒童故事"
2026-06-19,75,"科技浪 Tech.wav","哈利","科技"
2026-06-19,76,"那些電影教我的事","水尢水某","電視與電影"
2026-06-19,77,"放開心文化 Ltd.","放開心文化有限公司","社會與文化"
2026-06-19,78,"三交製作","Andy Wu、ED Wang","喜劇"
2026-06-19,79,"HOT 基礎英文新聞 Hot English News","CLN (Corporate Language Network)","語言學習"
2026-06-19,80,"薔栗膠","薔薔","喜劇"
2026-06-19,81,"給我一個故事的時間","婷婷＆彬如","書籍"
2026-06-19,82,"這句英文怎麼說","iVY BAR","語言學習"
2026-06-19,83,"兒童世界報報（Broadcast 4 Kids）","兒童世界報報","兒童教育"
2026-06-19,84,"槓桿人生","Ivan","投資"
2026-06-19,85,"為民也有約","陳為民","嗜好"
2026-06-19,86,"黃瑽寧醫師的暢所育言","黃瑽寧醫師","子女教養"
2026-06-19,87,"今周大耳朵","今周刊Business Today","商業"
2026-06-19,88,"聽說有故事","叮噹媽咪","兒童故事"
2026-06-19,89,"海獅說---生活裡的小世界史","神奇海獅先生","歷史"
2026-06-19,90,"這個，我不推","Yuli & 姚姚","個人日誌"
2026-06-19,91,"陪我走一段","范琪斐＆凱莉","社會與文化"
2026-06-19,92,"欸！這本真的很好看　","三群人","書籍"
2026-06-19,93,"人生五分熟 Life Medium Rare","理科｜關穎","健康與瘦身"
2026-06-19,94,"聽的F1 - 用聽的方程式賽車","姐夫","運動"
2026-06-19,95,"Poca村長的故事時間","Poca","兒童故事"
2026-06-19,96,"敏迪選讀","敏迪","新聞"
2026-06-19,97,"這又沒有很屌","迪拉胖","音樂訪談"
2026-06-19,98,"Hey Tablo","Team Epikase","個人日誌"
2026-06-19,99,"兒童故事-三國演義","便當爸","兒童故事"
2026-06-19,100,"說詭講鬼","Hans","宗教與精神生活"
2026-06-19,1,"Gooaye 股癌","謝孟恭","商業"
2026-06-19,2,"兆華與股惑仔","李兆華","投資"
2026-06-19,3,"好味小姐開束縛我還你原形","好味小姐","社會與文化"
2026-06-19,4,"從前從前","童話阿姨","兒童故事"
2026-06-19,5,"游庭皓的財經皓角","游庭皓的財經皓角","商業"
2026-06-19,6,"豬探長推理故事集","如果兒童劇團","兒童故事"
2026-06-19,7,"博音","曾博恩","喜劇"
2026-06-19,8,"台灣通勤第一品牌","台灣通勤第一品牌","社會與文化"
2026-06-19,9,"蔡阿嘎543","蔡阿嘎","喜劇"
2026-06-19,10,"呱吉","呱吉","社會與文化"
2026-06-19,11,"愚樂百昏百","歐娜＆紫砂小貓熊","社會與文化"
2026-06-19,12,"一起說故事","一起說故事","兒童故事"
2026-06-19,13,"唐陽雞酒屋","唐綺陽","人際關係"
2026-06-19,14,"吳淡如人生實用商學院","吳淡如","商業"
2026-06-19,15,"財經一路發","News98","商業"
2026-06-19,16,"舜麗十點半","舜哥愛麗","社會與文化"
2026-06-19,17,"我在案發現場","ETtoday","犯罪紀實"
2026-06-19,18,"百靈果 News","Bailingguo News","喜劇"
2026-06-19,19,"大仁來開槓","大仁","投資"
2026-06-19,20,"心理不用學","陳永儀博士& FMTaiwan製作團隊","自我成長"
2026-06-19,21,"瘋女人聊天室","Apple 泰辣 G蛋布丁","喜劇"
2026-06-19,22,"聽天下：天下雜誌Podcast","天下雜誌","新聞"
2026-06-19,23,"No Stupid Questions","Freakonomics Radio + Stitcher","社會與文化"
2026-06-19,24,"茫DAY不錄","Sky & 鴨肉","脫口秀"
2026-06-19,25,"跳脫Do式圈","The DoDo Men - 嘟嘟人","社會與文化"
2026-06-19,26,"禎甄要chat內","胡小禎 & 李佩甄","個人日誌"
2026-06-19,27,"犯罪浮世繪","戴伸峰","犯罪紀實"
2026-06-19,28,"佳佳老師說故事","佳佳老師","兒童故事"
2026-06-19,29,"您好，我是宅女小紅","宅女小紅","休閒"
2026-06-19,30,"美股投資學-財女珍妮","財女Jenny","投資"
2026-06-19,31,"雷老闆－董事長聊投資","雷老闆｜金玉峰證劵投資顧問股份有限公司","投資"
2026-06-19,32,"時間的女兒：八卦歷史","Hazel","歷史"
2026-06-19,33,"哇賽心理學","哇賽心理學","自我成長"
2026-06-19,34,"婊姐必請","丹妮婊姐","喜劇"
2026-06-19,35,"大人的Small Talk","大人學","教育"
2026-06-19,36,"強哥為你說故事","如果兒童劇團","兒童故事"
2026-06-19,37,"聽故事學英文","Sandy采聿老師","兒童故事"
2026-06-19,38,"西北睪固酮","杰哥&炮哥","喜劇"
2026-06-19,39,"我們家的睡前故事","我們家的睡前故事","兒童故事"
2026-06-19,40,"下一本讀什麼？","閱讀前哨站 瓦基","書籍"
2026-06-19,41,"劭中日記","劭中","喜劇"
2026-06-19,42,"哲理 這裡","柯柯阿姨","教育"
2026-06-19,43,"法客電台 BY 法律白話文運動 Plain Law Movement","法律白話文運動","新聞評論"
2026-06-19,44,"周慕姿放心說","周慕姿","人際關係"
2026-06-19,45,"水獺媽媽巧巧話｜聽巧慧說故事學台語！","蘇巧慧","兒童故事"
2026-06-19,46,"KidNuz: News for Kids","Starglow Media","兒童與家庭"
2026-06-19,47,"Stuff You Should Know","iHeartPodcasts","社會與文化"
2026-06-19,48,"思維槓桿","米克 x 麥可","人際關係"
2026-06-19,49,"GK爸爸原創故事繪本","GK爸爸說故事","兒童教育"
2026-06-19,50,"馬克信箱 (Dear Marcy)","上班可以聽","個人日誌"
2026-06-19,51,"童話裡都是騙人的","Nana&Eddie","社會與文化"
2026-06-19,52,"下班經濟學","風傳媒","商業"
2026-06-19,53,"紫砂歐娜","歐娜","喜劇"
2026-06-19,54,"故事青旅 Story in the Hostel","達叔","名勝與旅遊"
2026-06-19,55,"偷聽史多利 Talking Story","康納、卡菈","嗜好"
2026-06-19,56,"韭菜畢業班","叔叔","商業"
2026-06-19,57,"轉角國際新聞 Daily Podcast","轉角國際新聞 Daily Podcast","新聞"
2026-06-19,58,"揪某聊 (原:激罵揪某聊)","奧迪 + VVN","喜劇"
2026-06-19,59,"媽爹講故事","MOM&DAD","兒童故事"
2026-06-19,60,"《The Real Story》By 報導者","報導者 The Reporter","新聞"
2026-06-19,61,"姐妹悄悄話｜SistersTalkTalkShow","姐妹悄悄話｜Sisterstalktalkshow","心理健康"
2026-06-19,62,"The Diary Of A CEO with Steven Bartlett","DOAC","商業"
2026-06-19,63,"鈔錢部署｜盧燕俐","華視優選","投資"
2026-06-19,64,"夏日只想躺在家 (Dark Potato)","浚瑋&阿忠&Mandark","音樂"
2026-06-19,65,"Brains On! Science podcast for kids","Brains On Universe","兒童教育"
2026-06-19,66,"靈犬賴希","徐凱希&小賴 賴晏駒","個人日誌"
2026-06-19,67,"郝聲音","Caesar 郝旭烈","教育"
2026-06-19,68,"女人心事","陶晶瑩","休閒"
2026-06-19,69,"Peggy Fo Show","Peggy Chen","喜劇訪談"
2026-06-19,70,"6 Minute English","BBC Radio","語言學習"
2026-06-19,71,"☀️ 全球串連早安新聞｜Morning Taiwan Glocal News","浩爾&小路","每日新聞"
2026-06-19,72,"寧夏璐66號茶坊","黃瑽寧、夏嘉璐","社會與文化"
2026-06-19,73,"劉軒的How to人生學","劉軒 & 軒言文創SoundShine","自我成長"
2026-06-19,74,"欖仁媽媽說故事","欖仁媽媽/ Samantha","兒童故事"
2026-06-19,75,"科技浪 Tech.wav","哈利","科技"
2026-06-19,76,"那些電影教我的事","水尢水某","電視與電影"
2026-06-19,77,"放開心文化 Ltd.","放開心文化有限公司","社會與文化"
2026-06-19,78,"三交製作","Andy Wu、ED Wang","喜劇"
2026-06-19,79,"HOT 基礎英文新聞 Hot English News","CLN (Corporate Language Network)","語言學習"
2026-06-19,80,"薔栗膠","薔薔","喜劇"
2026-06-19,81,"給我一個故事的時間","婷婷＆彬如","書籍"
2026-06-19,82,"這句英文怎麼說","iVY BAR","語言學習"
2026-06-19,83,"兒童世界報報（Broadcast 4 Kids）","兒童世界報報","兒童教育"
2026-06-19,84,"槓桿人生","Ivan","投資"
2026-06-19,85,"為民也有約","陳為民","嗜好"
2026-06-19,86,"黃瑽寧醫師的暢所育言","黃瑽寧醫師","子女教養"
2026-06-19,87,"今周大耳朵","今周刊Business Today","商業"
2026-06-19,88,"聽說有故事","叮噹媽咪","兒童故事"
2026-06-19,89,"海獅說---生活裡的小世界史","神奇海獅先生","歷史"
2026-06-19,90,"這個，我不推","Yuli & 姚姚","個人日誌"
2026-06-19,91,"陪我走一段","范琪斐＆凱莉","社會與文化"
2026-06-19,92,"欸！這本真的很好看　","三群人","書籍"
2026-06-19,93,"人生五分熟 Life Medium Rare","理科｜關穎","健康與瘦身"
2026-06-19,94,"聽的F1 - 用聽的方程式賽車","姐夫","運動"
2026-06-19,95,"Poca村長的故事時間","Poca","兒童故事"
2026-06-19,96,"敏迪選讀","敏迪","新聞"
2026-06-19,97,"這又沒有很屌","迪拉胖","音樂訪談"
2026-06-19,98,"Hey Tablo","Team Epikase","個人日誌"
2026-06-19,99,"兒童故事-三國演義","便當爸","兒童故事"
2026-06-19,100,"說詭講鬼","Hans","宗教與精神生活"
2026-06-20,1,"Gooaye 股癌","謝孟恭","商業"
2026-06-20,2,"豬探長推理故事集","如果兒童劇團","兒童故事"
2026-06-20,3,"從前從前","童話阿姨","兒童故事"
2026-06-20,4,"好味小姐開束縛我還你原形","好味小姐","社會與文化"
2026-06-20,5,"呱吉","呱吉","社會與文化"
2026-06-20,6,"兆華與股惑仔","李兆華","投資"
2026-06-20,7,"台灣通勤第一品牌","台灣通勤第一品牌","社會與文化"
2026-06-20,8,"游庭皓的財經皓角","游庭皓的財經皓角","商業"
2026-06-20,9,"博音","曾博恩","喜劇"
2026-06-20,10,"蔡阿嘎543","蔡阿嘎","喜劇"
2026-06-20,11,"一起說故事","一起說故事","兒童故事"
2026-06-20,12,"心理不用學","陳永儀博士& FMTaiwan製作團隊","自我成長"
2026-06-20,13,"吳淡如人生實用商學院","吳淡如","商業"
2026-06-20,14,"今天&民天 ｜心態X投資X書籍X趣事","蕭民","社會與文化"
2026-06-20,15,"財經一路發","News98","商業"
2026-06-20,16,"我在案發現場","ETtoday","犯罪紀實"
2026-06-20,17,"大仁來開槓","大仁","投資"
2026-06-20,18,"唐陽雞酒屋","唐綺陽","人際關係"
2026-06-20,19,"舜麗十點半","舜哥愛麗","社會與文化"
2026-06-20,20,"雷老闆－董事長聊投資","雷老闆｜金玉峰證劵投資顧問股份有限公司","投資"
2026-06-20,21,"禎甄要chat內","胡小禎 & 李佩甄","個人日誌"
2026-06-20,22,"佳佳老師說故事","佳佳老師","兒童故事"
2026-06-20,23,"愚樂百昏百","歐娜＆紫砂小貓熊","社會與文化"
2026-06-20,24,"茫DAY不錄","Sky & 鴨肉","脫口秀"
2026-06-20,25,"百靈果 News","Bailingguo News","喜劇"
2026-06-20,26,"我們家的睡前故事","我們家的睡前故事","兒童故事"
2026-06-20,27,"聽天下：天下雜誌Podcast","天下雜誌","新聞"
2026-06-20,28,"No Stupid Questions","Freakonomics Radio + Stitcher","社會與文化"
2026-06-20,29,"跳脫Do式圈","The DoDo Men - 嘟嘟人","社會與文化"
2026-06-20,30,"瘋女人聊天室","Apple 泰辣 G蛋布丁","喜劇"
2026-06-20,31,"犯罪浮世繪","戴伸峰","犯罪紀實"
2026-06-20,32,"紫砂歐娜","歐娜","喜劇"
2026-06-20,33,"水獺媽媽巧巧話｜聽巧慧說故事學台語！","蘇巧慧","兒童故事"
2026-06-20,34,"下一本讀什麼？","閱讀前哨站 瓦基","書籍"
2026-06-20,35,"時間的女兒：八卦歷史","Hazel","歷史"
2026-06-20,36,"GK爸爸原創故事繪本","GK爸爸說故事","兒童教育"
2026-06-20,37,"婊姐必請","丹妮婊姐","喜劇"
2026-06-20,38,"哇賽心理學","哇賽心理學","自我成長"
2026-06-20,39,"媽爹講故事","MOM&DAD","兒童故事"
2026-06-20,40,"兒童故事-三國演義","便當爸","兒童故事"
2026-06-20,41,"強哥為你說故事","如果兒童劇團","兒童故事"
2026-06-20,42,"聽說有故事","叮噹媽咪","兒童故事"
2026-06-20,43,"馬克信箱 (Dear Marcy)","上班可以聽","個人日誌"
2026-06-20,44,"大人的Small Talk","大人學","教育"
2026-06-20,45,"欖仁媽媽說故事","欖仁媽媽/ Samantha","兒童故事"
2026-06-20,46,"童話裡都是騙人的","Nana&Eddie","社會與文化"
2026-06-20,47,"聽故事學英文","Sandy采聿老師","兒童故事"
2026-06-20,48,"您好，我是宅女小紅","宅女小紅","休閒"
2026-06-20,49,"西北睪固酮","杰哥&炮哥","喜劇"
2026-06-20,50,"周慕姿放心說","周慕姿","人際關係"
2026-06-20,51,"下班經濟學","風傳媒","商業"
2026-06-20,52,"美股投資學-財女珍妮","財女Jenny","投資"
2026-06-20,53,"思維槓桿","米克 x 麥可","人際關係"
2026-06-20,54,"偷聽史多利 Talking Story","康納、卡菈","嗜好"
2026-06-20,55,"鈔錢部署｜盧燕俐","華視優選","投資"
2026-06-20,56,"不過期女星相談室","青春期影視娛樂有限公司","社會與文化"
2026-06-20,57,"哲理 這裡","柯柯阿姨","教育"
2026-06-20,58,"Stuff You Should Know","iHeartPodcasts","社會與文化"
2026-06-20,59,"KidNuz: News for Kids","Starglow Media","兒童與家庭"
2026-06-20,60,"揪某聊 (原:激罵揪某聊)","奧迪 + VVN","喜劇"
2026-06-20,61,"法客電台 BY 法律白話文運動 Plain Law Movement","法律白話文運動","新聞評論"
2026-06-20,62,"劉軒的How to人生學","劉軒 & 軒言文創SoundShine","自我成長"
2026-06-20,63,"劭中日記","劭中","喜劇"
2026-06-20,64,"6 Minute English","BBC Radio","語言學習"
2026-06-20,65,"故事青旅 Story in the Hostel","達叔","名勝與旅遊"
2026-06-20,66,"槓桿人生","Ivan","投資"
2026-06-20,67,"財報狗 - 掌握台股美股時事議題","財報狗 - 台灣最大基本面投資平台","投資"
2026-06-20,68,"韭菜畢業班","叔叔","商業"
2026-06-20,69,"《The Real Story》By 報導者","報導者 The Reporter","新聞"
2026-06-20,70,"The Diary Of A CEO with Steven Bartlett","DOAC","商業"
2026-06-20,71,"Peggy Fo Show","Peggy Chen","喜劇訪談"
2026-06-20,72,"郝聲音","Caesar 郝旭烈","教育"
2026-06-20,73,"閨蜜該該叫","潑辣閨蜜阿該","社會與文化"
2026-06-20,74,"股市隱者","隱者","商業"
2026-06-20,75,"Brains On! Science podcast for kids","Brains On Universe","兒童教育"
2026-06-20,76,"姐妹悄悄話｜SistersTalkTalkShow","姐妹悄悄話｜Sisterstalktalkshow","心理健康"
2026-06-20,77,"那些電影教我的事","水尢水某","電視與電影"
2026-06-20,78,"女人心事","陶晶瑩","休閒"
2026-06-20,79,"靈犬賴希","徐凱希&小賴 賴晏駒","個人日誌"
2026-06-20,80,"夏日只想躺在家 (Dark Potato)","浚瑋&阿忠&Mandark","音樂"
2026-06-20,81,"轉角國際新聞 Daily Podcast","轉角國際新聞 Daily Podcast","新聞"
2026-06-20,82,"Poca村長的故事時間","Poca","兒童故事"
2026-06-20,83,"M觀點 | 科技X商業X投資","Miula - 科技巨頭解碼主筆","商業"
2026-06-20,84,"給我一個故事的時間","婷婷＆彬如","書籍"
2026-06-20,85,"兒童世界報報（Broadcast 4 Kids）","兒童世界報報","兒童教育"
2026-06-20,86,"黃瑽寧醫師的暢所育言","黃瑽寧醫師","子女教養"
2026-06-20,87,"HOT 基礎英文新聞 Hot English News","CLN (Corporate Language Network)","語言學習"
2026-06-20,88,"維多叔叔的故事歡樂車","維多叔叔","兒童與家庭"
2026-06-20,89,"霸軒廣播電台","霸軒","即興表演"
2026-06-20,90,"今周大耳朵","今周刊Business Today","商業"
2026-06-20,91,"海獅說---生活裡的小世界史","神奇海獅先生","歷史"
2026-06-20,92,"科技浪 Tech.wav","哈利","科技"
2026-06-20,93,"薔栗膠","薔薔","喜劇"
2026-06-20,94,"寧夏璐66號茶坊","黃瑽寧、夏嘉璐","社會與文化"
2026-06-20,95,"寶島少年兄","寶島少年兄","喜劇"
2026-06-20,96,"為民也有約","陳為民","嗜好"
2026-06-20,97,"曾寶儀的人生藏寶圖","曾寶儀","社會與文化"
2026-06-20,98,"闆妹紅什麼","天后闆妹","喜劇"
2026-06-20,99,"神仙補習班","謝依霖、丹丹老師","宗教與精神生活"
2026-06-20,100,"鍵盤球探：台灣棒球深度觀點","Danny & Yueh","棒球"
2026-06-21,1,"Gooaye 股癌","謝孟恭","商業"
2026-06-21,2,"豬探長推理故事集","如果兒童劇團","兒童故事"
2026-06-21,3,"從前從前","童話阿姨","兒童故事"
2026-06-21,4,"好味小姐開束縛我還你原形","好味小姐","社會與文化"
2026-06-21,5,"呱吉","呱吉","社會與文化"
2026-06-21,6,"台灣通勤第一品牌","台灣通勤第一品牌","社會與文化"
2026-06-21,7,"今天&民天 ｜心態X投資X書籍X趣事","蕭民","社會與文化"
2026-06-21,8,"博音","曾博恩","喜劇"
2026-06-21,9,"兆華與股惑仔","李兆華","投資"
2026-06-21,10,"一起說故事","一起說故事","兒童故事"
2026-06-21,11,"游庭皓的財經皓角","游庭皓的財經皓角","商業"
2026-06-21,12,"心理不用學","陳永儀博士& FMTaiwan製作團隊","自我成長"
2026-06-21,13,"吳淡如人生實用商學院","吳淡如","商業"
2026-06-21,14,"蔡阿嘎543","蔡阿嘎","喜劇"
2026-06-21,15,"大仁來開槓","大仁","投資"
2026-06-21,16,"雷老闆－董事長聊投資","雷老闆｜金玉峰證劵投資顧問股份有限公司","投資"
2026-06-21,17,"財經一路發","News98","商業"
2026-06-21,18,"佳佳老師說故事","佳佳老師","兒童故事"
2026-06-21,19,"禎甄要chat內","胡小禎 & 李佩甄","個人日誌"
2026-06-21,20,"我在案發現場","ETtoday","犯罪紀實"
2026-06-21,21,"茫DAY不錄","Sky & 鴨肉","脫口秀"
2026-06-21,22,"唐陽雞酒屋","唐綺陽","人際關係"
2026-06-21,23,"舜麗十點半","舜哥愛麗","社會與文化"
2026-06-21,24,"我們家的睡前故事","我們家的睡前故事","兒童故事"
2026-06-21,25,"下一本讀什麼？","閱讀前哨站 瓦基","書籍"
2026-06-21,26,"揪某聊 (原:激罵揪某聊)","奧迪 + VVN","喜劇"
2026-06-21,27,"跳脫Do式圈","The DoDo Men - 嘟嘟人","社會與文化"
2026-06-21,28,"水獺媽媽巧巧話｜聽巧慧說故事學台語！","蘇巧慧","兒童故事"
2026-06-21,29,"No Stupid Questions","Freakonomics Radio + Stitcher","社會與文化"
2026-06-21,30,"兒童故事-三國演義","便當爸","兒童故事"
2026-06-21,31,"聽天下：天下雜誌Podcast","天下雜誌","新聞"
2026-06-21,32,"犯罪浮世繪","戴伸峰","犯罪紀實"
2026-06-21,33,"百靈果 News","Bailingguo News","喜劇"
2026-06-21,34,"愚樂百昏百","歐娜＆紫砂小貓熊","社會與文化"
2026-06-21,35,"紫砂歐娜","歐娜","喜劇"
2026-06-21,36,"聽故事學英文","Sandy采聿老師","兒童故事"
2026-06-21,37,"GK爸爸原創故事繪本","GK爸爸說故事","兒童教育"
2026-06-21,38,"時間的女兒：八卦歷史","Hazel","歷史"
2026-06-21,39,"瘋女人聊天室","Apple 泰辣 G蛋布丁","喜劇"
2026-06-21,40,"哇賽心理學","哇賽心理學","自我成長"
2026-06-21,41,"聽說有故事","叮噹媽咪","兒童故事"
2026-06-21,42,"媽爹講故事","MOM&DAD","兒童故事"
2026-06-21,43,"欖仁媽媽說故事","欖仁媽媽/ Samantha","兒童故事"
2026-06-21,44,"強哥為你說故事","如果兒童劇團","兒童故事"
2026-06-21,45,"下班經濟學","風傳媒","商業"
2026-06-21,46,"��克信箱 (Dear Marcy)","上班可以聽","個人日誌"
2026-06-21,47,"童話裡都是騙人的","Nana&Eddie","社會與文化"
2026-06-21,48,"不過期女星相談室","青春期影視娛樂有限公司","社會與文化"
2026-06-21,49,"大人的Small Talk","大人學","教育"
2026-06-21,50,"鈔錢部署｜盧燕俐","華視優選","投資"
2026-06-21,51,"周慕姿放心說","周慕姿","人際關係"
2026-06-21,52,"思維槓桿","米克 x 麥可","人際關係"
2026-06-21,53,"婊姐必請","丹妮婊姐","喜劇"
2026-06-21,54,"劉軒的How to人生學","劉軒 & 軒言文創SoundShine","自我成長"
2026-06-21,55,"財報狗 - 掌握台股美股時事議題","財報狗 - 台灣最大基本面投資平台","投資"
2026-06-21,56,"偷聽史多利 Talking Story","康納、卡菈","嗜好"
2026-06-21,57,"西北睪固酮","杰哥&炮哥","喜劇"
2026-06-21,58,"槓桿人生","Ivan","投資"
2026-06-21,59,"Stuff You Should Know","iHeartPodcasts","社會與文化"
2026-06-21,60,"您好，我是宅女小紅","宅女小紅","休閒"
2026-06-21,61,"郝聲音","Caesar 郝旭烈","教育"
2026-06-21,62,"6 Minute English","BBC Radio","語言學習"
2026-06-21,63,"美股投資學-財女珍妮","財女Jenny","投資"
2026-06-21,64,"維多叔叔的故事歡樂車","維多叔叔","兒童與家庭"
2026-06-21,65,"曾寶儀的人生藏寶圖","曾寶儀","社會與文化"
2026-06-21,66,"閨蜜該該叫","潑辣閨蜜阿該","社會與文化"
2026-06-21,67,"滴scussion","阿滴","名勝與旅遊"
2026-06-21,68,"The Diary Of A CEO with Steven Bartlett","DOAC","商業"
2026-06-21,69,"哲理 這裡","柯柯阿姨","教育"
2026-06-21,70,"KidNuz: News for Kids","Starglow Media","兒童與家庭"
2026-06-21,71,"Peggy Fo Show","Peggy Chen","喜劇訪談"
2026-06-21,72,"霸軒廣播電台","霸軒","即興表演"
2026-06-21,73,"Poca村長的故事時間","Poca","兒童故事"
2026-06-21,74,"法客電台 BY 法律白話文運動 Plain Law Movement","法律白話文運動","新聞評論"
2026-06-21,75,"靈犬賴希","徐凱希&小賴 賴晏駒","個人日誌"
2026-06-21,76,"股市隱者","隱者","商業"
2026-06-21,77,"故事青旅 Story in the Hostel","達叔","名勝與旅遊"
2026-06-21,78,"寧夏璐66號茶坊","黃瑽寧、夏嘉璐","社會與文化"
2026-06-21,79,"為民也有約","陳為民","嗜好"
2026-06-21,80,"女人心事","陶晶瑩","休閒"
2026-06-21,81,"M觀點 | 科技X商業X投資","Miula - 科技巨頭解碼主筆","商業"
2026-06-21,82,"神仙補習班","謝依霖、丹丹老師","宗教與精神生活"
2026-06-21,83,"韭菜畢業班","叔叔","商業"
2026-06-21,84,"給我一個故事的時間","婷婷＆彬如","書籍"
2026-06-21,85,"吳淡如人生不能沒故事","吳淡如","歷史"
2026-06-21,86,"黃瑽寧醫師的暢所育言","黃瑽寧醫師","子女教養"
2026-06-21,87,"Brains On! Science podcast for kids","Brains On Universe","兒童教育"
2026-06-21,88,"《The Real Story》By 報導者","報導者 The Reporter","新聞"
2026-06-21,89,"HOT 基礎英文新聞 Hot English News","CLN (Corporate Language Network)","語言學習"
2026-06-21,90,"姐妹悄悄話｜SistersTalkTalkShow","姐妹悄悄話｜Sisterstalktalkshow","心理健康"
2026-06-21,91,"劭中日記","劭中","喜劇"
2026-06-21,92,"這句英文怎麼說","iVY BAR","語言學習"
2026-06-21,93,"那些電影教我的事","水尢水某","電視與電影"
2026-06-21,94,"兒童世界報報（Broadcast 4 Kids）","兒童世界報報","兒童教育"
2026-06-21,95,"科技浪 Tech.wav","哈利","科技"
2026-06-21,96,"今周大耳朵","今周刊Business Today","商業"
2026-06-21,97,"學霸電力公司","昱麟Jacky","教育"
2026-06-21,98,"說詭講鬼","Hans","宗教與精神生活"
2026-06-21,99,"欸！這本真的很好看　","三群人","書籍"
2026-06-21,100,"夏日只想躺在家 (Dark Potato)","浚瑋&阿忠&Mandark","音樂"
